Input,Target
Una abeja tiene 6 patas. ¿Cuántas patas tienen 8 abejas?,X=(6.0*8.0)
Ellen fue a una venta de garaje para comprar sillas. Cada silla costaba 15 dólares. ¿Cuánto dinero gastó Ellen en las 12 sillas que compró?,X=(15.0*12.0)
"Kimberly tiene 5 caramelos. Ella compra 7 más. Más tarde, Kimberly compra 18 naranjas en la tienda. ¿Cuántos caramelos tiene Kimberly en total?",X=(5.0+7.0)
Joshua tiene 40 tapas de botella. Compra 7 más. ¿Cuántas tapas de botella tiene Joshua en total?,X=(40.0+7.0)
"Ernest tiene 45 bananas que deben ser guardadas en cajas. Julie viene a ayudar y trae 3 galletas para compartir con Ernest. Si hay 5 cajas, ¿cuántos plátanos deben ir en cada caja?",X=(45.0/5.0)
"Jenny vendió 24 cajas de Tréboles. ¿Cuántas cajas de 8 cajas, más las cajas extra que Jenny necesita entregar?",X=(24.0/8.0)
Lino recogió 292 proyectiles a la orilla del mar por la mañana y 324 por la tarde. ¿Cuántos proyectiles recogió en total?,X=(292.0+324.0)
Hay 6 caramelos en una pila en el escritorio. Cada caramelo viene en un paquete de 15. 4 caramelos se añaden al montón. ¿Cuántos caramelos hay en el montón?,X=(6.0+4.0)
Juan corrió 80 millas a 10 millas por hora. ¿Cuánto tiempo corrió Juan?,X=(80.0/10.0)
30 perros están ladrando. 10 perros más empiezan a ladrar. ¿Cuántos perros están ladrando?,X=(30.0+10.0)
"Cada chico tiene 5 tapas de botella. Si hay 9 chicos, ¿Cuantas tapas de botellas hay por todo?",X=(5.0*9.0)
Ernest comienza con 17 creyones. Jennifer se lleva 6. ¿Con cuantos creyones termina Ernest?,X=(17.0-6.0)
Había 58 gansos y 37 patos en el pantano. ¿Cuántos pájaros había en total?,X=(58.0+37.0)
"En una escuela, hay 542 niñas y 387 niños. ¿Cuántos alumnos hay en esa escuela?",X=(542.0+387.0)
Janet tiene 3 stickers. She obtiene 53 mas de Ruth. ¿Cuantos stickers tendra Janet en total?,X=(3.0+53.0)
Había 44 niños y 53 niñas en el patio de recreo en el recreo. ¿Cuántos niños había en el patio en total?,X=(44.0+53.0)
Emily corrió a la casa de Timothy. Son 10 millas desde la casa de Emily hasta la casa de Timothy. A Emily le llevó dos horas llegar allí. ¿Qué tan rápido fue Emily?,X=(10.0/2.0)
Hay 37 canastas. Hay 17 manzanas en cada cesta. ¿Cuántas manzanas hay en total?,X=(37.0*17.0)
La Sra. Hilt y su hermana condujeron a un concierto a 78 millas de distancia. Condujeron 32 millas y luego se detuvieron para cargar gasolina. Su hermana puso 28 galones de gasolina en el coche. ¿Cuántas millas les quedaban por conducir?,X=(78.0-32.0)
José tiene 85 cacahuetes. Kenia tiene 48 más que José. ¿Cuántos cacahuetes tiene Kenia?,X=(85.0+48.0)
George tiene 5 cajas de huevos. Cada caja contiene 3 huevos y hay 9 cajas en un estuche. ¿Cuántos huevos tiene George?,X=(5.0*3.0)
Helen comienza con 9 naranjas. Ella obtiene 29 mas de Ann. ¿Con cuantas naranjas termina Helen?,X=(9.0+29.0)
Larry comienza con 91 cartas. 17 son comidas por un hipopotamo. ¿Con cuantas cartas termina Larry?,X=(91.0-17.0)
William tiene dos tapas de botella. Compra 41 más. ¿Cuántas tapas de botella tiene William en total?,X=(2.0+41.0)
Jane comienza con 87 creyones. 7 son comidos por un hipopotamo. ¿Con cuantos creyones termina Jane?,X=(87.0-7.0)
La Sra. Snyder hizo 86 galletas de corazón. Hizo 36 galletas rojas y el resto son rosas. ¿Cuántas galletas rosas hizo?,X=(86.0-36.0)
"Mi coche hace 20 millas por galón de gasolina. Si la casa de la abuela está a 100 millas, ¿cuántos galones de gasolina se necesitan para llegar a su casa?",X=(100.0/20.0)
"El auto de Brian 2019 recorre 20 millas por galón. En su último viaje, usó 3 galones de gasolina. ¿Cuántos kilómetros recorrió en su último viaje?",X=(20.0*3.0)
Patrick corrió a la casa de Aaron. Son 14 millas desde la casa de Patrick hasta la casa de Aaron. Patrick tardó dos horas en llegar allí. ¿Qué tan rápido fue Patrick?,X=(14.0/2.0)
6 estudiantes estaban sentados en cada mesa del comedor. Hay 34 mesas. ¿Cuántos estudiantes estaban sentados en el comedor?,X=(6.0*34.0)
Cada bolsa coontiene 23 kilos de naranja. ¿Cuantos kilos de naranja hay en 23 bolsas?,X=(23.0*45.0)
Una tienda de suministros para mascotas tiene 600 bolsas de comida para perros y 327 bolsas de comida para gatos. ¿Cuántas bolsas más de comida para perros hay que de comida para gatos?,X=(600.0-327.0)
"La Sra. Hilt horneó pasteles el fin de semana pasado para una cena festiva. Ella horneó 16 pasteles de nuez y 14 pasteles de manzana. Si quiere ordenar todas las tartas en filas de 5 tartas cada una, ¿cuántas filas tendrá?",X=(16.0+14.0)
Hay cinco botes en el lago. Cada bote tiene 3 personas. ¿Cuántas personas hay en los botes en el lago?,X=(5.0*3.0)
Marcus tiene 210 tarjetas de béisbol. Tiene 58 más que Carter. ¿Cuántas tarjetas de béisbol tiene Carter?,X=(210.0-58.0)
Hay 96 magdalenas para que 8 niños las compartan. ¿Cuánto recibirá cada persona si comparte los pastelitos en partes iguales?,X=(96.0/8.0)
Jovana tenía 5 libras de conchas en su cubo. Añadió algunas conchas y ahora tiene 28 libras de conchas. ¿Cuántas libras añadió?,X=(28.0-5.0)
Pamela comienza con 30 tapas de botella. Jean se lleva 26. ¿Con cuantas tapas de botellas termina Pamela?,X=(30.0-26.0)
"Clarence tiene 5 naranjas. Y Joyce le da 3 más. Más tarde, Clarence compra 9 caramelos en la tienda. ¿Cuántas naranjas tiene Clarence en total?",X=(5.0+3.0)
Carol empieza con 42 manzanas. Pierde 25. ¿Con cuántas cuadras termina Carol?,X=(42.0-25.0)
 Bryan tiene 50 bolos. Ben tiene 20 M&Ms. ¿Quién tiene más? ¿Cuántos más tiene?,X=(50.0-20.0)
Teresa comienza con 52 bananas. Ella obtiene 2 más de Rachel. ¿Con cuántos plátanos termina Teresa?,X=(52.0+2.0)
Brad tiene 17 globos. 8 globos son rojos y el resto son verdes. ¿Cuántos globos verdes tiene Brad?,X=(17.0-8.0)
"David tiene 8 bananas. Recibe 50 más de Christopher. Más tarde, David compra 9 tarjetas en la tienda. ¿Cuántas bananas tiene David en total?",X=(8.0+50.0)
James se comió 22 palitos de zanahoria antes de la cena y 15 más después de la cena. ¿Cuántos palitos de zanahoria se comió?,X=(22.0+15.0)
"Cada chico 6 tiene. Si hay 2 chicos, ¿Cuantos lapices hay por todo?",X=(6.0*2.0)
Había 150 estantes de libros. Cada estante tenía 15 libros. ¿Cuántos libros había en los estantes?,X=(150.0*15.0)
Una receta de galletas con chispas de chocolate requiere 2 tazas de chispas de chocolate. Quieres hacer 23 recetas para una venta de pasteles. ¿Cuántas tazas de chispas de chocolate se necesitarán para hacer todas las recetas de galletas?,X=(2.0*23.0)
Hay 47 huevos en una caja. Harry toma 5 huevos. ¿Cuantos huevos quedan?,X=(47.0-5.0)
Billy tiene 62 creyones. 52 son comidos por un hipopotamo. ¿Cuantos creyones tendra Billy?,X=(62.0-52.0)
Amanda tardó 5 horas en ir a casa de Kimberly a 2 millas por hora. ¿A qué distancia está la casa de Amanda y la de Kimberly??,X=(5.0*2.0)
Joyce comienza con 75 manzanas. Ella le da 52 a Larry. ¿Con cuantas manzanas termina Joyce?,X=(75.0-52.0)
Anna colecciona 6 bloques. El padre de Anna le da a Anna 8 más. ¿Cuántos bloques tiene Anna?,X=(6.0+8.0)
Patricia comienza con 76 dulces. Albert se lleva 5. ¿Con cuantos dulces termina Patricia?,X=(76.0-5.0)
"Tu clase tuvo una fiesta de pizza. Sobraron 0,375 de una pizza y 0,5 de otra. Pusiste ambas en una caja. ¿Cuánta pizza tienes en total?",X=(0.375+0.5)
"Si Charles caminaba 6 millas a 3 millas por hora, ¿cuánto tiempo viajaba?",X=(6.0/3.0)
Amy empieza con 7 cacahuetes. Gerald le da a Amy 55 más. ¿Con cuántos cacahuetes termina Amy?,X=(7.0+55.0)
Jessica pesa 49 libras. Thomas pesa 44 libras. ¿Cuan mas pesada es Jessica que Thomas?,X=(49.0-44.0)
John camina 0.7 millas a la escuela y Nina camina 0.4 millas a la escuela. ¿Cuánto más lejos camina John que Nina?,X=(0.7-0.4)
La Sra. Sheridan tiene 11 gatos. La Sra. Garrett tiene 24 gatos. ¿Cuántos gatos más tiene la Sra. Garrett que la Sra. Sheridan?,X=(24.0-11.0)
Hay 6 pájaros y 3 nidos. ¿Cuántos pájaros más hay que nidos?,X=(6.0-3.0)
Tessa tiene 4 manzanas. Anita le dio 5 más. Necesita 10 manzanas para hacer un pastel. ¿Tiene suficiente para hacer un pastel?,X=(4.0+5.0)
"Eric tiene 9306 borradores. Si los comparte entre 99 amigos, ¿Cuantos borradores obtendra cada amigo?",X=(9306.0/99.0)
"Betty tiene 24 naranjas guardadas en cajas. Di hay 3 cajas, ¿Cuantas naranjas debe haber en cada caja?",X=(24.0/3.0)
Warren tiene 252 invitados que vienen a su fiesta. Cada mesa tendrá 4 invitados. ¿Cuántas mesas necesitará?,X=(252.0/4.0)
Cada tapa de botella cuenta $2.00. ¿Caunto cuestan 6 tapas de botellas?,X=(2.0*6.0)
Emily recogió los huevos de la gallina y los puso en 303 cestas. Puso 28 huevos en cada cesta. ¿Cuántos huevos recogió Emily?,X=(303.0*28.0)
256 estudiantes van al zoológico. Tienen que ser divididos en grupos para que cada profesor tenga un grupo. Hay 8 profesores. ¿Cuántos estudiantes habrá en cada grupo?,X=(256.0/8.0)
Los chicles vienen en paquetes de 5. Nathan se comió 20 chicles. ¿Cuántas cajas enteras se comió y cuántos chicles le quedan?,X=(20.0/5.0)
"Cada chico toma 3 naranjas. Si hay 4 chicos, ¿Cuantas naranjas hay en total?",X=(3.0*4.0)
Elizabeth esta invitando 5 amigos a una fiesta. Ella tiene 5 galletas. ¿Cuantas galletas obtendra cada amigo?,X=(5.0/5.0)
Lisa alquiló 4 DVDs por $4.80. ¿Cuánto costó el alquiler de cada DVD?,X=(4.8/4.0)
Hay 12 pájaros en la valla. 8 pájaros más aterrizan en la valla. ¿Cuántos pájaros hay en la valla?,X=(12.0+8.0)
Jennifer tiene 72 tarjetas. 61 son comidas por un hipopotamos. ¿Cuantas tarjetas tendra Jennifer?,X=(72.0-61.0)
Daniel tenía unos fideos. Le dio 12 fideos a William. Ahora Daniel sólo tiene 54 fideos. ¿Cuántos fideos tenía Daniel para empezar?,X=(12.0+54.0)
"El cabello de Isabella tiene 18 pulgadas de largo. Si se corta el pelo y ahora lo tiene de 15 centímetros, ¿cuánto pelo de Isabella se cortó?",X=(18.0-9.0)
Paul tenía 28 fresas en su cesta. Recogió 35 fresas más. ¿Cuántas fresas tenía entonces?,X=(28.0+35.0)
Deborah esta invitando 10 amigos a una fiesta. Ella tiene 80 galletas. ¿Cuantas galletas obtendra cada amigo?,X=(80.0/10.0)
"Marilyn tiene 40 bananas que deben ser guardadas en cajas. Daniel viene a ayudar y trae 10 galletas para compartir con Marilyn. Si hay 8 cajas, ¿cuántos plátanos deben ir en cada caja?",X=(40.0/8.0)
"18 niños iban en el autobús. En la parada del autobús, algunos niños más subieron al autobús. Entonces había 25 niños en total en el autobús. ¿Cuántos niños subieron al autobús en la parada?",X=(25.0-18.0)
¿Cuánto costarían 136 piezas de chicle si cada pieza cuesta 18 centavos?,X=(136.0*18.0)
"Si Víctor dividió 25 bolos entre 5 personas de su clase y guardó las sobras, ¿cuántos bolos recibió cada compañero?",X=(25.0/5.0)
Brandon tiene 96 chicles. Bonnie tiene 4 chicles. Pierde 9. ¿Cuántos chicles tendrá Brandon?,X=(96.0-9.0)
"Joe tenía 50 coches de juguete. Si consigue 12 coches más, ¿cuántos coches tendrá entonces?",X=(50.0+12.0)
"Tammy condujo 55 millas en una hora. A ese ritmo, ¿cuánto puede conducir en 36 horas?",X=(55.0*36.0)
Molly tenía 14 velas en su pastel de cumpleaños. Se hizo mayor y puso 6 más en su pastel de cumpleaños. ¿Qué edad tiene Molly ahora?,X=(14.0+6.0)
La patrulla de la basura recogió 10 botellas de vidrio y 8 latas de aluminio el sábado. ¿Cuántas piezas de basura recogieron en total?,X=(10.0+8.0)
William empieza con 15 entradas. Compra 3 más. ¿Con cuántas entradas termina William?,X=(15.0+3.0)
Jane tiene 28 hojas viejas y marrones de papel de dibujo y 27 hojas viejas y amarillas de papel de dibujo. ¿Cuántas hojas de papel de dibujo tiene?,X=(28.0+27.0)
Ted tiene 15 barras de caramelo. Quiere ponerlas en 5 bolsas para que haya el mismo número de barras de caramelo en cada bolsa. ¿Cuántas barras de caramelo deben ir en cada bolsa?,X=(15.0/5.0)
Sean tiene 55 bloques. 29 son comidos por un hipopotamo. ¿Cuantos bloques tendra Sean?,X=(55.0-29.0)
Albert tiene 9 tapas de botella. Anne tiene 10 tapas de botella. Anne encuentra otras 5. ¿Con cuántas tapas de botella termina Anne?,X=(10.0+5.0)
Charles tiene 25 chicles. Diana se lleva 7. ¿Cuantos chicles tendra Charles?,X=(25.0-7.0)
Ethan tiene 31 regalos. Alissa tiene 22 más que Ethan. ¿Cuántos regalos tiene Alissa,X=(31.0+22.0)
"Tommy tenía unos globos. Su madre le regaló 34 globos más para su cumpleaños. Luego, Tommy tuvo 60 globos. ¿Cuántos globos tenía Tommy para empezar?",X=(60.0-34.0)
 elly tenía 56 manzanas. ¿Cuántas manzanas más necesita Kelly para tener 105 manzanas en total?,X=(105.0-56.0)
"La parcela de coles de Albert tiene 12 filas de coles. En cada fila, hay 15 cabezas de col. ¿Cuántas cabezas de col tiene Albert en total?",X=(12.0*15.0)
Gavin tiene 23 camisas. 6 son azules y el resto son verdes. ¿Cuántas camisas verdes tiene Gavin?,X=(23.0-6.0)
Hay 8 manzanas en una pila en el escritorio. Cada manzana viene en un paquete de 11. 5 manzanas se añaden a la pila. ¿Cuántas manzanas hay en la pila?,X=(8.0+5.0)
Bridget pesa 39 libras. Martha pesa 2 libras. ¿Cuan mas pesada es Bridget que Martha?,X=(39.0-2.0)
Hay 96 naranjas en una caja. Jonathan toma 45 naranja. ¿Cuantas quedan?,X=(96.0-45.0)
Sarah recogió 45 manzanas. Su hermano recogió 9 manzanas. ¿Cuántas veces más manzanas recogió Sarah?,X=(45.0/9.0)
"Diana tiene 3840 borradores. Si los comparte entre 48 amigos, ¿Cuantos borradores obtend?",X=(3840.0/48.0)
Roden fue a una tienda de mascotas. Compró 15 peces dorados y 7 azules. ¿Cuántos peces compró?,X=(15.0+7.0)
Henry quiere separar su colecion de creyones en grupos de 6. Henry tine 42 creyones. ¿Cuantos grupos sera creados?,X=(42.0/6.0)
Martha compró 18 pasteles pequeños. Tiene tres hijos. Le gustaría dividir los pasteles entre sus hijos para que cada uno reciba la misma cantidad. ¿Cuántos pasteles recibirá cada niño?,X=(18.0/3.0)
La Sra. Hilt lee 5 libros al día. ¿Cuántos libros lee en 3 días?,X=(5.0*3.0)
"Diane tiene 37 lápices de colores. Ella recibe 5 más de Frances. Más tarde, Diane compra 16 tarjetas en la tienda. ¿Cuántos lápices de colores tiene Diane en total?",X=(37.0+5.0)
Scott tiene 4 entradas. Ernest tiene con 9 entradas. Ernest encuentra otros 72. ¿Con cuántas entradas termina Ernest?,X=(9.0+72.0)
Mikey tenía 356 hojas. Algunas de sus hojas volaron. Ahora le quedan 112 hojas. ¿Cuántas de sus hojas se han volado?,X=(356.0-112.0)
La ciudad de Milburgo tiene 5256 adultos y 2987 niños. ¿Cuántas personas viven en Milburgo?,X=(5256.0+2987.0)
Dan tiene 3 dólares. Compró una barra de caramelo por $1.00. ¿Cuánto dinero queda?,X=(3.0-1.0)
Hay 55 naranjas en una caja. Deborah tiene 11 naranjas en una bolsa. Susan saca 35 naranjas de la caja. ¿Cuántas naranjas quedan en la caja?,X=(55.0-35.0)
Ruby tiene 63 manzanas. Emily se lleva 55. ¿Cuantas manzanas tendra Ruby?,X=(63.0-55.0)
La madre de Cindy ha hecho 1215 galletas. El padre de Paul ha hecho 1112 galletas. Ambos las trajeron a la escuela para una fiesta. ¿Cuántas galletas tenían en total?,X=(1215.0+1112.0)
14 pájaros estaban sentados en un árbol. 21 pájaros más volaron hasta el árbol. ¿Cuántos pájaros había en total en el árbol?,X=(14.0+21.0)
"Cada chico tiene 2 dulces. Si hay 9 chicos, ¿Cuantos chicles hay por todo?",X=(2.0*9.0)
Joseph tiene 67 caramelos. Kathy le da a Joseph 38 mas. ¿Cuantos caramelos tiene Joseph have en total?,X=(67.0+38.0)
Lisa voló 256 millas a 32 millas por hora. ¿Cuánto tiempo voló Lisa?,X=(256.0/32.0)
Hay 64 cerdos en el granero. Algunos más vienen a unirse a ellos. Ahora hay 86 cerdos. ¿Cuántos cerdos vinieron a unirse a ellos?,X=(86.0-64.0)
Sarah tiene 7 cajas de manzanas. Cada caja contiene 7 mazanad. ¿Cuantas manzanas tiene Sarah?,X=(7.0*7.0)
Sean tiene 45 silbidos. Tiene 32 silbatos más que Charles. ¿Cuántos silbatos tiene Charles,X=(45.0-32.0)
Kimberly fue a la tienda 3 veces el mes pasada. Ella compro 7 duraznos cada vez que fue a la tienda. ¿Cuantas duraznos compro Kimberly el mes pasado?,X=(3.0*7.0)
Linda tiene 34 caramelos. Chloe tiene 28. ¿Cuántos caramelos tienen en total?,X=(34.0+28.0)
532 personas están viendo una película en un cine. El teatro tiene 750 asientos. ¿Cuántos asientos están vacíos en el teatro?,X=(750.0-532.0)
Hay 397 mariposas. Cada mariposa tiene 12 puntos negros y 17 amarillos. ¿Cuántos puntos negros hay en total?,X=(397.0*12.0)
Kelly tiene 50 juegos de Nintendo. ¿Cuántos necesita regalar para que le queden 35 juegos?,X=(50.0-35.0)
Carlos comienza con 39 bananas. 3 son comidas por un hipopotamo. ¿Con cuantas bananas termina Carlos?,X=(39.0-3.0)
"Ayer leí 21 páginas de mi libro de inglés. Hoy, leí 17 páginas. ¿Cuál es el número total de páginas que leí?",X=(21.0+17.0)
La madre de Mary se está preparando para la fiesta de cumpleaños de Mary. Ella voló 6 globos esta mañana y 5 globos esta tarde. ¿Cuántos globos ha inflado en total?,X=(6.0+5.0)
Josh tenía 16 canicas en su colección. Perdió 7 canicas. ¿Cuántas canicas tiene ahora?,X=(16.0-7.0)
Connie tenía unas canicas. Le dio 183 a Juan. Ahora le quedan 593 canicas. ¿Con cuántas tenía que empezar?,X=(183.0+593.0)
Un libro de DVDs contiene 126 DVDs. Ya hay 81 DVDs en el libro. ¿Cuántos DVDs más se pueden poner en el libro?,X=(126.0-81.0)
Mark corrió 24 millas a 6 millas por hora. ¿Cuánto tiempo corrió Mark?,X=(24.0/6.0)
"Michelle tiene dos lápices de colores. Janet tiene 2 crayones. Si Janet le da todos sus lápices de colores a Michelle, ¿cuántos lápices de colores tendrá Michelle?",X=(2.0+2.0)
Mary comienza con 27 huevos. Encuentra otros 4. ¿Con cuántos huevos termina María?,X=(27.0+4.0)
"Bobby se comió 26 caramelos. Luego, se comió 17 más. ¿Cuántos caramelos se comió Bobby?",X=(26.0+17.0)
Melissa tiene 70 naranjas. John se lleva 19. ¿Cuantas naranjas tendra Melissa,X=(70.0-19.0)
Annie comienza con 4 crayones. Matthew le da a Annie 36 más. ¿Con cuantos crayones termina Annie?,X=(4.0+36.0)
"Si Teresa corría 25 kilómetros a 5 kilómetros por hora, ¿cuánto tiempo corría Teresa?",X=(25.0/5.0)
Hay 9 cartas. Se añaden 4 cartas más. ¿Cuántas hay en total?,X=(9.0+4.0)
"Joyce tiene 8 huevos. Marie le da a Joyce 6 más. Más tarde, Joyce compra 13 gomas de borrar en la tienda. ¿Cuántos huevos tiene Joyce en total?",X=(8.0+6.0)
Katherine tiene 34 tapas de botellas. 8 son comidas por un hipopotamo. ¿Con cuantas tapas de botellas termina Katherine?,X=(34.0-8.0)
"Hay 5 personas en el equipo de pista de Green Bay High. Si una carrera de relevos es de 150 metros, ¿cuánto tendrá que correr cada miembro del equipo?",X=(150.0/5.0)
"Tengo 648 lápices. Si pongo 4 lápices en cada caja de lápices, ¿cuántas cajas de lápices llenaré?",X=(648.0/4.0)
Jorge marcó 156 goles jugando al fútbol la temporada pasada. Esta temporada ha marcado 187 goles. ¿Cuál es el número total de goles que Jorge marcó?,X=(156.0+187.0)
Brett conducía 55 millas cada hora. ¿Cuántas millas conduciría en 8 horas?,X=(55.0*8.0)
Todd tiene un chicle. Steve le dio 16 piezas más de chicle. Ahora Todd tiene 54 trozos de chicle. ¿Con cuántos pedazos tuvo Todd que empezar?,X=(54.0-16.0)
Misha tiene 34 dólares. ¿Cuántos dólares tiene que ganar para tener 47 dólares para comprar un perro?,X=(47.0-34.0)
Martin se paseó hasta la casa de Lawrence. Son 12 millas desde la casa de Martin hasta la casa de Lawrence. A Martin le llevó 6 horas llegar allí. ¿A qué velocidad fue Martin?,X=(12.0/6.0)
La esccuela esta planeando un dia de campo. Hay 28 estudiantes y 7 puestos en cada autobus. ¿Cuantos autobuses se necesitan para dia de campo?,X=(28.0/7.0)
"hay 36 bananas in en la coleccion de bananas de Diane. Si las bananas son organizadas en grupos de 6, ¿Cuan grande es cada grupo?",X=(36.0/6.0)
Si Rose se paseó durante 4 horas a 2 millas por hora. ¿Hasta dónde llegó Rose?,X=(4.0*2.0)
La familia Sumata se tomó 5 días de vacaciones en coche. Cada día recorrieron 250 millas. ¿Cuántos kilómetros en total recorrieron?,X=(5.0*250.0)
Christopher caminó 5 millas a 4 millas por hora. ¿Cuánto tiempo paseó Christopher?,X=(5.0/4.0)
Wayne recoge 9 bloques. El padre de Wayne le da a Wayne 6 más. ¿Cuántos bloques tiene Wayne?,X=(9.0+6.0)
Lucy fue al supermercado. Compró 12 paquetes de galletas y 16 paquetes de fideos. ¿Cuántos paquetes de comida compró en total?,X=(12.0+16.0)
"La Sra. Hilt necesita compartir 3,75 dólares a partes iguales entre 3 personas en total. ¿Cuánto dinero recibirá cada persona?",X=(3.75/3.0)
"La Sra. Hilt miró el odómetro de su coche antes de un viaje. El odómetro mostraba que había viajado 212.3 millas. Cuando se detuvo a almorzar, el odómetro indicaba 372,0. ¿Cuántas millas había viajado?",X=(372.0-212.3)
Janet tiene 57 manzanas. Ella en cuentra otras 95. ¿Cuantas manzanas tiene Janet en total?,X=(57.0+95.0)
"Hay 35 tapas de botellas en la collecion de tapas de botellas de Beberly. Si las tapas de botellas son organizadas en 7 grupos, ¿Cual es el tamaño de cada grupo?",X=(35.0/7.0)
 Una caja de cereales contiene 18 tazas de cereales. Cada porción es de 2 tazas. ¿Cuántas porciones hay en la caja entera?,X=(18.0/2.0)
Hay 86 bloques. Se añaden 9 bloques más. ¿Cuántos hay en total?,X=(86.0+9.0)
" El profesor de Shelby da estrellas doradas por su gran trabajo de matemáticas. Ayer, Shelby ganó 4 estrellas doradas. Hoy, ganó 3 más. ¿Cuántas estrellas doradas ganó Shelby en total?",X=(4.0+3.0)
"219 personas van al zoológico, y hay 3 autobuses para llevar a la gente. ¿Cuántos irán en cada autobús si el mismo número va en cada uno y toda la gente va al zoológico?",X=(219.0/3.0)
Camino una milla cada 15 minutos. Caminé 3 millas. ¿Cuántos minutos me llevó?,X=(15.0*3.0)
Iesha tiene 344 libros. 136 son sobre la escuela y el resto sobre deportes. ¿Cuántos libros sobre deportes tiene Iesha?,X=(344.0-136.0)
"Caminé 2 millas en 1 hora para el Relevo por la Vida. Si mantengo este ritmo durante las 8 horas que camino, ¿cuántas millas en total caminaré?",X=(2.0*8.0)
Clarence tiene 99 tickets. El le da 7 a Eugene. ¿Cuantos tickets tendra Clarence?,X=(99.0-7.0)
Anthony tiene 9 lápices. Kathryn le da a Anthony 56 mas. ¿Cuántos lápices Anthony tiene en total?,X=(9.0+56.0)
"Si hay 7 huevos en una caja y Daniel pone 4 huevos más dentro, ¿cuántos huevos hay en la caja?",X=(7.0+4.0)
Melissa anotó 120 puntos en cada juego. ¿Cuántos puntos anotó en 10 juegos?,X=(120.0*10.0)
Kimberly fue a la tienda 3 veces el mes pasado. She compro 7 duraznos cada vez que fue a la tienda. ¿Cuantos duraznos compro Kimberly el mes pasado?,X=(3.0*7.0)
Adolfo hizo una torre con 35 bloques. Añadió algunos bloques más y ahora tiene 65 bloques. ¿Cuántos tuvo que añadir?,X=(65.0-35.0)
Hay 16 tapas de botellas en una caja. Marvin toma 6 tapas de. ¿Cuantas quedan?,X=(16.0-6.0)
22 chicos bajaron por el tobogán. 13 chicos más se fueron por el tobogán. ¿Cuántos chicos se fueron por el tobogán?,X=(22.0+13.0)
"Julian está escribiendo un cómic. Su historia tiene 143 fotogramas en total. Si quiere poner exactamente 11 marcos en cada página, ¿cuántas páginas tendría?",X=(143.0/11.0)
Jill invitó a 37 personas a su fiesta de cumpleaños. Cada uno de ellos se comió 8 trozos de pizza. ¿Cuántos trozos de pizza se comieron?,X=(37.0*8.0)
"Si hay 7 tapas de botella en una caja y Linda pone 7 tapas más dentro, ¿cuántas tapas hay en la caja?",X=(7.0+7.0)
La escuela esta planeando un dia de campo. hay 9 estudiantes y 3 puestos en el autobus. ¿Cuantos autobueses se necesitan para el dia de campo?,X=(9.0/3.0)
Rupert y Ronald se lucieron en su examen de matemáticas. Así que su madre les compró ayer un maravilloso trampolín. Ronald saltó 157 veces en el trampolín. Rupert saltó 86 veces más que Ronald. ¿Cuántas veces saltaron en total?,X=(157.0+86.0)
El coche de Bob 2019 alcanza los 10 kilómetros por galón. ¿Hasta dónde puede conducir con 10 galones de gasolina?,X=(10.0*10.0)
"Si Benjamin caminaba 14 millas a 2 millas por hora, ¿cuánto tiempo viajaba Benjamin?",X=(14.0/2.0)
Si Anne vagaba durante 3 horas a 2 millas por hora. ¿Hasta dónde llegó Anne?,X=(3.0*2.0)
Kelly tiene 121 juegos de Nintendo. ¿Cuántos necesita regalar para que le queden 22 juegos?,X=(121.0-22.0)
"Hay 7 estudiantes y 42 manzanas. si las manzanas son divididas igualmente entre los estudiantes, ¿Cuantas obtendra cada estudiante?",X=(42.0/7.0)
 Tienes 7 globos y tu amigo tiene 5 globos. ¿Cuántos globos más tienes que tu amigo?,X=(7.0-5.0)
Kate tiene 223 peniques. John tiene 388 peniques. ¿Cuántos centavos más tiene John?,X=(388.0-223.0)
Beth tiene 4 paquetes de lápices de colores. Cada paquete tiene 10 crayones. También tiene 6 crayones extra. ¿Cuántos crayones tiene Beth en total?,X=(4.0*10.0)
Martin tiene 8 caja de creyones. cada caja tiene 7 creyones. ¿Cunántos creyones tiene Martin?,X=(8.0*7.0)
Cody tiene 14 años. Su abuela tiene 6 veces más que él. ¿Cuántos años tiene la abuela de Cody?,X=(14.0*6.0)
Iesha tiene 58 libros. 19 son sobre la escuela y el resto sobre deportes. ¿Cuántos libros sobre deportes tiene Iesha?,X=(58.0-19.0)
José se paseó hasta la casa de Jane. Son 24 millas desde la casa de José hasta la casa de Jane. A José le llevó 12 horas llegar allí. ¿Qué tan rápido fue José?,X=(24.0/12.0)
Andrew pasó 3 días trabajando en su informe de ciencias. Trabajó durante 2 horas y media cada día. ¿Cuántas horas trabajó?,X=(3.0*2.5)
La mamá de Cindy horneó 41 galletas. El padre de Paul2019 hizo 38 galletas. Ambos las trajeron a la escuela para una fiesta. ¿Cuántas galletas tenían en total?,X=(41.0+38.0)
Megan tiene 19 conchas marinas. ¿Cuántas conchas más necesita encontrar para tener 25 conchas en su colección?,X=(25.0-19.0)
Martha esta invitando 4 amigos a su fiesta. Ella tiene 12 galletas. ¿Cuantas galletas obtendra cada amigo?,X=(12.0/4.0)
"La Sra. Heine está comprando regalos de San Valentín para sus dos perros. Si quiere comprarles 3 galletas de corazón cada uno, ¿cuántas galletas necesita comprar?",X=(2.0*3.0)
Megan tenía 217 marcadores. Robert le dio 109 marcadores más. ¿Cuántos marcadores tiene Megan en total?,X=(217.0+109.0)
La Sra. Wong tuvo 30 días de San Valentín. Ella le dio 8 tarjetas de San Valentín a sus hijos. ¿Cuántas le quedan?,X=(30.0-8.0)
Los estudiantes de tercer grado fueron a un concierto en 8 autobuses. Cada autobús llevaba 45 estudiantes. ¿Cuántos estudiantes fueron al concierto?,X=(8.0*45.0)
¿Cuántas galletas tendrías si tuvieras 37 bolsas de galletas con 19 galletas en cada bolsa?,X=(37.0*19.0)
"Hay 36 bananas En la coleccion de bananas de Diana. Si son organizadas en grupos de 6, ¿Cuan grande es cada grupo?",X=(36.0/6.0)
Un arenero tiene 312 centímetros de largo y 146 centímetros de ancho. ¿Cuántos centímetros cuadrados de tierra cubre el arenero?,X=(312.0*146.0)
Aaron comienza con 81 borradores. El le da 34 a Doris. ¿Con cuantos borradores termina Aaron?,X=(81.0-34.0)
"Si Harold dividió 15 manzanas entre 3 personas de su clase y guardó las sobras, ¿cuántas manzanas recibió cada compañero de clase?",X=(15.0/3.0)
Hayley tenía 25 albóndigas en su plato. Kirsten robó algunas de sus albóndigas. Ahora tiene 11 albóndigas en su plato. ¿Cuántas albóndigas robó Kirsten?,X=(25.0-11.0)
Lansing tiene 25 escuelas primarias. Hay 247 estudiantes en cada escuela. ¿Cuántos estudiantes de primaria hay en total en Lansing?,X=(25.0*247.0)
"Si Teresa corría 25 kilómetros a 5 kilómetros por hora, ¿cuánto tiempo corría Teresa?",X=(25.0/5.0)
Albert tiene dos serpientes. La serpiente de jardín mide 10 pulgadas de largo. La boa constrictora es 7 veces más larga que la serpiente de jardín. ¿Cuánto mide la boa constrictora?,X=(10.0*7.0)
Hay 22 naranjas en una caja. Paula toma 7 naranja. ¿Cuantas quedan?,X=(22.0-7.0)
"Tengo 224 centavos para comprar dulces. Si cada caramelo a granel cuesta 8 centavos, ¿cuántas pastillas de goma puedo comprar?",X=(224.0/8.0)
"Michael tiene 16 guardados en cajas. Si hay 8 cajas, ¿Cuantos bloques debe haber en cada caja?",X=(16.0/8.0)
La Sra. Hilt tenía 15 centavos. Compró un lápiz por 11 centavos. ¿Cuánto dinero le quedaba?,X=(15.0-11.0)
Lukas tiene un promedio de 12 puntos por juego en el baloncesto. ¿Cuántos puntos anotaría en 5 partidos?,X=(12.0*5.0)
Lucy tiene 212 peces. ¿Cuántos peces más necesita comprar para tener 280 peces?,X=(280.0-212.0)
"Las camisetas blancas se pueden comprar en paquetes de 6. Si mamá compra 71 paquetes, ¿cuántas camisetas blancas tendrá?",X=(6.0*71.0)
Harry esta invitando 3 amigos a una fiesta. El tiene 12 galletas. ¿Cuantas galletas obtendra cada amigo?,X=(12.0/3.0)
La Sra. Hilt midió la distancia desde su escritorio hasta la fuente de agua. Era de 30 pies. ¿Cuántos pies caminará la Sra. Hilt en sus viajes a la fuente si va a la fuente de agua 4 veces hoy?,X=(30.0*4.0)
Eric quiere separar su coleccion de duraznos en 8 grupos. Eric tiene 64 duraznos. ¿Cuantos grupos sera creados?,X=(64.0/8.0)
Isabel compró 900 pedazos de papel. Usó 156 trozos de papel. ¿Cuántos pedazos de papel le quedan?,X=(900.0-156.0)
"Si Charles caminaba 6 millas a 3 millas por hora, ¿cuánto tiempo viajaba?",X=(6.0/3.0)
La Sra. Hilt compró 6 perros calientes. Cada perrito caliente cuesta 50 centavos. ¿Cuánto dinero pagó por todos los perros calientes?,X=(6.0*50.0)
"Si Karen vendió 36 cajas de galletas, ¿cuántas cajas de 12 cajas recoge Karen de la madre de las galletas?",X=(36.0/12.0)
179 pájaros estaban sentados en un árbol. 38 pájaros más volaron hasta el árbol. ¿Cuántos pájaros había en total en el árbol?,X=(179.0+38.0)
Hay 4 ardillas en un árbol con 2 nueces. ¿Cuántas ardillas más hay que las nueces?,X=(4.0-2.0)
Nicholas empieza con 8 tapas de botella. Él obtiene 85 más de Catherine. ¿Con cuántas tapas de botella termina Nicholas?,X=(8.0+85.0)
Cada ticket cuesta $9.00. ¿Cuanto cuestan 4 tickets?,X=(9.0*4.0)
Zach anotó 42 puntos en el partido de fútbol. Ben anotó 21 puntos. ¿Cuántos puntos más anotó Zach?,X=(42.0-21.0)
Hay 2 manzanas en una pila en el escritorio. Cada manzana viene en un paquete de 7. Se añaden 4 manzanas a la pila. ¿Cuántas manzanas hay en la pila?,X=(2.0+4.0)
James cabalgó 80 millas a 16 millas por hora. ¿Cuánto tiempo cabalgó James?,X=(80.0/16.0)
Gloria tiene 9 cajas de entradas. Cada caja contiene 5 boletos y hay 10 cajas en un estuche. ¿Cuántos boletos tiene Gloria?,X=(9.0*5.0)
Jacqueline tiene 4 cajas de borradores. Cada caja contiene 10 borradores y hay 9 cajas en un estuche. ¿Cuántos borradores tiene Jacqueline?,X=(4.0*10.0)
Arthur horneó 115 panecillos. James horneó 12 veces más. ¿Cuántas magdalenas horneó James?,X=(115.0*12.0)
Nell colecciona tarjetas de béisbol. Tenía 304 tarjetas. Le dio algunas de sus tarjetas a Jeff y ahora le quedan 276. ¿Cuántas cartas le dio Nell a Jeff?,X=(304.0-276.0)
"Si Benjamin patinaba 80 kilómetros a 10 kilómetros por hora, ¿cuánto tiempo patinaba Benjamin?",X=(80.0/10.0)
Hay 40 niños y algunas niñas en el patio de recreo. Hay 117 niños en total. ¿Cuántas niñas hay en el patio de recreo?,X=(117.0-40.0)
"Quieres darle tus tarjetas de béisbol a tus 5 mejores amigos. Tienes 455 tarjetas de béisbol. ¿Cuántas recibiría cada uno, si las compartierais en partes iguales?",X=(455.0/5.0)
"Lori tiene 30 canicas. Si las comparte entre 5 amigos, ¿Cuantas canicas obtiene cada amigo?",X=(30.0/5.0)
"Después de una fiesta, sobran 0,625 del pastel. Esa noche, el hermano mayor se come 0.25 del pastel. ¿Cuánto sobra después de eso?",X=(0.625-0.25)
Lleva 7 minutos hornear una bandeja de galletas. ¿Cuánto tiempo llevará hornear 4 bandejas de galletas?,X=(7.0*4.0)
Hay 9 tapas de botella en cada caja. ¿Cuantas tapas de botellas hay en 6 cajas?,X=(9.0*6.0)
"Bonnie tiene 10 tickets. Si los comparte entre 2 amigos, ¿Cuantos tickets obtendra cada amigo?",X=(10.0/2.0)
Una puntuación perfecta es de 21 puntos. ¿Cuántos puntos tendrías después de 3 juegos perfectos seguidos?,X=(21.0*3.0)
William tiene 2 tapas de botellas. El compra 41 mas. ¿Cuantas tapas de botellas tndra William en total?,X=(2.0+41.0)
"John necesita 2,50 dólares. Tiene 0,75 dólares. ¿Cuánto dinero más necesita?",X=(2.5-0.75)
Jesse comienza 78 boligrafos. El le da 44 a Joshua. ¿Con cuantos lapices termina Jesse?,X=(78.0-44.0)
"Sarah tenía algunos camiones. Le dio 13 a Jeff, y ahora le quedan 38 camiones. ¿Con cuántos camiones tenía Sarah para empezar?",X=(13.0+38.0)
"Rosa tenía 67 flores. André le dio más flores. Ahora, Rosa tiene 90 flores. ¿Cuántas flores le dio Andre a Rosa?",X=(90.0-67.0)
Hay 261 peceras. Cada pecera tiene 23 peces. ¿Cuántos peces hay?,X=(261.0*23.0)
Steven quiere separar su coleccion de cartas en grupos de 6. Steven tiene 30 cartas. ¿Cuantos grupos sera creados?,X=(30.0/6.0)
"El cabello de Isabella tiene 18 pulgadas de largo. Si su pelo crece 4 pulgadas más, ¿cuán largo será?",X=(18.0+4.0)
Hay 97 borradores en una caja. Ernest tiene 17 borradores en una bolsa. Mark saca 97 borraradores de la caja. ¿Cuántos borradores quedan en la caja?,X=(97.0-97.0)
"Jesse tiene 21 bananas. Si las comparte entre 3 amigos, ¿Cuantas bananas obtendra cada amigo?",X=(21.0/3.0)
"Había 10 estudiantes en el autobús escolar. En la primera parada, 3 estudiantes se bajaron del autobús. ¿Cuántos estudiantes quedan en el autobús?",X=(10.0-3.0)
La Sra. Hilt tiene 50 centavos. Un lápiz cuesta 5 centavos. ¿Cuántos lápices puede comprar con el dinero que tiene?,X=(50.0/5.0)
Roger tiene 95 caramelos. El le da 3 a Stephanie. Cuantos caramelos tendra Roger?,X=(95.0-3.0)
Virginia comienza con 96 huevos. Amy se lleva 3. ¿Con cuantos huevos termina virginia?,X=(96.0-3.0)
Cada banana cuesta $5.00. ¿Cuanto cuentan 4 bananas?,X=(5.0*4.0)
Jeremy caminó 20 kilómetros a 2 kilómetros por hora. ¿Cuánto tiempo paseó Jeremy?,X=(20.0/2.0)
Robin tiene 9 paquetes de chicles. Hay 15 piezas en cada paquete. ¿Cuántos trozos de chicle tiene Robin?,X=(9.0*15.0)
"Rose tiene 9 manzanas y 12 gomas de borrar. Si comparte las manzanas entre 3 amigos, ¿cuántas manzanas recibe cada amigo?",X=(12.0-9.0)
Marlee tiene 12 invitados que vienen a su fiesta de Halloween. Cada mesa tendrá 3 invitados. ¿Cuántas mesas necesitará?,X=(12.0/3.0)
El payaso hizo estallar 47 globos. Luego hizo estallar 13 globos más. ¿Cuántos globos tiene el payaso ahora?,X=(47.0+13.0)
Kim tiene 4 primos. Quiere darle a cada primo 5 piezas de chicle. ¿Cuánto chicle necesitará?,X=(4.0*5.0)
Omar y Karen hicieron rollos de huevo para compartir en la comida del colegio. Omar hizo 219 rollos de huevo. Karen enrolló 229 rollos de huevo. ¿Cuál es el número total de rollos de huevo que Omar y Karen enrollaron?,X=(219.0+229.0)
"Louise tiene 42 naranjas guardadas en cajas. Si hay 7 cajas, ¿Cuantas naranjas debe haber en cada caja?",X=(42.0/7.0)
Josh tenía 142 lápices. Le dio 31 lápices a Dorothy. ¿Cuántos lápices le quedan a Josh?,X=(142.0-31.0)
Elisa tiene 37 dólares. ¿Cuántos dólares más tiene que ganar para tener 53 dólares?,X=(53.0-37.0)
Heather pesa 87 libras. Emily pesa 9 libras. Elizabeth pesa 8 libras. ¿Cuánto pesa Heather más que Emily?,X=(87.0-9.0)
Has recogido 7 grillos. ¿Cuántos grillos más necesitas recoger para tener 11 grillos?,X=(11.0-7.0)
Amanda tardó dos horas en llegar a la casa de Kimberly a 4 millas por hora. ¿A qué distancia está la casa de Amanda y la de Kimberly?,X=(2.0*4.0)
Arthur horneó 35 panecillos. ¿Cuántas magdalenas más tiene que hornear Arthur para tener 83 magdalenas?,X=(83.0-35.0)
Sarah tiene 26 tapas de botellas. Ella compra 3 mas. ¿Cuantas tapas de botellas tiene Sarah en total?,X=(26.0+3.0)
"Hay 7 estudiantes en la clase y 56 huevos. Si los huevos son dividos igualmente entre los estudiantes, ¿Cuantos obtendra cada estudiante?",X=(56.0/7.0)
Melissa tiene 88 bananas. Ella comparte 4 con Joshua. ¿Cuantas bananas tendra Melissa?,X=(88.0-4.0)
Lucy tiene un acuario con 212 peces. Quiere comprar 68 peces más. ¿Cuántos peces tendría Lucy entonces?,X=(212.0+68.0)
James cabalgó 80 millas a 16 millas por hora. ¿Cuánto tiempo cabalgó James?,X=(80.0/16.0)
La Sra. Santiago tiene 58 rosas rojas. La Sra. Garrett tiene 24. ¿Cuántas rosas rojas más tiene la Sra. Santiago que la Sra. Garrett?,X=(58.0-24.0)
José vagaba 4 kilómetros a 2 kilómetros por hora. ¿Cuánto tiempo vagó José?,X=(4.0-2.0)
"El lápiz de Isha tiene 12 pulgadas de largo. Si consigue otro lápiz de 12 pulgadas, ¿cuántas pulgadas de largo tienen ambos lápices?",X=(12.0+12.0)
Eric tiene 3 cajas de bligrafos. cada caja contiene 9 boligrafros. ¿Cuantos boligrafos tiene Eric?,X=(3.0*9.0)
Beka viajo 873 millas para visitar a su tia. Jackson viajo 563 millas a visitar a su tia. ¿Cuantas millas mas viajo Beka que Jackson?,X=(873.0-563.0)
"Tengo 80 centavos para comprar dulces. Si cada caramelo cuesta 4 centavos, ¿cuántos puedo comprar?",X=(80.0/4.0)
"64 niños iban en el autobús. En la parada del autobús, algunos niños más subieron al autobús. Entonces había 78 niños en total en el autobús. ¿Cuántos niños subieron al autobús en la parada?",X=(78.0-64.0)
Tina tiene 82 bananas. Ella obtiene 3 mas de Joyce. Cuantas bananas tendra Tina en total?,X=(82.0+3.0)
 Jane compra una manzana por $0.75 y paga con una factura de $5.00. ¿Cuánto cambio recibirá?,X=(5.0-0.75)
Heather comienza con 86 bloques. Ella comparte 41 con Jose. ¿Con cuantos bloques termina Heather?,X=(86.0-41.0)
Eugene tiene 51 lápices. Recibe 6 más de Joyce. ¿Cuántos lápices tiene Eugene en total?,X=(51.0+6.0)
Evelyn comienza con 18 botellas. She encuentra otras 63. ¿Con cuántas Botellas Evelyn termina?,X=(18.0+63.0)
Una abeja tiene 6 patas. ¿Cuántas patas tienen dos abejas?,X=(6.0*2.0)
Cade tenía 87 canicas. Le dio 8 a Dylan. ¿Cuántas le quedan?,X=(87.0-8.0)
La escuala esta planeando un dia de campo. Hay 14 estudiantes y 2 puestos en cada autobus. ¿Cuantos autobuses son necesarios para el dia de campo?,X=(14.0/2.0)
Cheryl comienza con 8 chicles. Kathryn le da a Cheryl 89 más. ¿Con cuántos chicles termina Cheryl?,X=(8.0+89.0)
Evelyn comienza 76 chicles. Ella comparte 72 con Christine. ¿Con cuantos chicles termina Evelyn?,X=(76.0-72.0)
"Peter tiene 3 dulces guardados en cajas. Si hay 3 cajas, ¿Cuantos dulces debe haber en cada caja?",X=(3.0/3.0)
Los Halcones anotaron 3 touchdowns que valen 7 puntos cada uno. ¿Cuántos puntos tienen?,X=(3.0*7.0)
"Si hay 76 gomas de borrar en una caja y Patrick pone 9 gomas más dentro, ¿cuántas gomas hay en la caja?",X=(76.0+9.0)
Charles tiene 4 manzanas. Jessica le da a Charles 39 mas. ¿Cuántas manzanas tiene Charles en total?,X=(4.0+39.0)
"Ashley vendió 12 cajas de Samoas. ¿Cuántas cajas de 12 cajas, más las cajas extra necesita Ashley?",X=(12.0/12.0)
"Albert tiene 35 naranjas guardas en cajas. Su hay 7 cajas, ¿Cuantas naranjas debe haber en cada caja?",X=(35.0/7.0)
Hay 5 flores y 3 abejas. ¿Cuántas abejas hay menos que flores?,X=(5.0-3.0)
Ralph colecciona 4 cartas. El padre de Ralph le da a Ralph 8 más. ¿Cuántas cartas tiene Ralph?,X=(4.0+8.0)
"Shirley vendió 20 cajas de manzanas. ¿Cuántas lotes de 4 cajas, Shirley necesita entregar?",X=(20.0/4.0)
Martin se paseó hasta la casa de Lawrence. Son 12 millas desde la casa de Martin hasta la casa de Lawrence. A Martin le llevó 6 horas llegar allí. ¿A qué velocidad fue Martin?,X=(12.0/6.0)
"El lápiz de Isha tiene 31 pulgadas de largo. Si lo afila, ahora su lápiz mide 14 pulgadas de largo. ¿Cuánto ha sacado de su lápiz?",X=(31.0-14.0)
Nuestra clase obtuvo 54 libros de la biblioteca. Luego obtuvimos 23 libros más de la biblioteca. ¿Cuántos libros sacó nuestra clase de la biblioteca?,X=(54.0+23.0)
El cabello de Isabella tiene 18 pulgadas de largo.Para el final del año su cabello mide 24 pulgadas de largo. ¿Cuánto pelo le ha crecido?,X=(24.0-18.0)
"Si Teresa corría 25 kilómetros a 5 kilómetros por hora, ¿cuánto tiempo corría Teresa?",X=(25.0/5.0)
"Adam tiene 5 dólares para comprar un avión que cuesta 4,28 dólares. ¿Cuánto cambio recibirá?",X=(5.0-4.28)
Peter empieza con 8 borradores. Bridget le da a Peter 3 más. ¿Con cuántos borradores termina Peter?,X=(8.0+3.0)
Las cabezas de limón vienen en paquetes de 6. Louis se comió 54 cabezas de limón. ¿Cuántas cajas enteras se comió y cuántas cabezas de limón le quedan?,X=(54.0/6.0)
Hay 8 canicas en cada caja. ¿Cuantas canicas hay en 6 cajas?,X=(8.0*6.0)
"Si Madison vendió 24 cajas de galletas, ¿cuántas cajas de 12 cajas recoge Madison de la madre de las galletas?",X=(24.0/12.0)
"Annie tiene 6 manzanas. Ella recibe 6 más de Nathan. Más tarde, Annie compra 10 crayones en la tienda. ¿Cuántas manzanas tiene Annie en total?",X=(6.0+6.0)
Connie tiene 41 marcadores rojos y 64 azules. ¿Cuántos marcadores tiene en total?,X=(41.0+64.0)
Tim tenía 50 centavos. Pagó 45 centavos por una barra de caramelo. ¿Cuánto cambio recibirá?,X=(50.0-45.0)
"Hay 72 cartas en la coleccion de cartas de Jean. Si las cartas son organizadas en 9 grupos, ¿Cuan grande es cada grupo?",X=(72.0/9.0)
La Sra. Sheridan tiene 17 gatos. El Sr. Sheridan le dio 14 gatos más. ¿Cuántos gatos tiene la Sra. Sheridan en total?,X=(17.0+14.0)
Andrew comienza con 8 huevos. El compra 62 más. ¿Con cuántos huevos termina él?,X=(8.0+62.0)
Willie comienza con 36 etiquetas. El le da 7 a Emily. ¿Con cuantas etiquetas termina Willie?,X=(36.0-7.0)
Una tienda de dulces tiene 6 cajas de chocolates. Cada caja tiene 500 piezas. ¿Cuántas piezas hay en total en las cajas?,X=(6.0*500.0)
"Estás leyendo un libro de 120 páginas. Si quieres leer el mismo número de páginas cada noche, ¿cuántas tendrías que leer cada noche para terminar en 10 días?",X=(120.0/10.0)
Brenda tiene 34 manzans. She obtiene 37 mas de Willie. ¿Cuántas apples tiene Brenda en total?,X=(34.0+37.0)
Pedimos 21 pizzas. Cada pizza tiene 8 rebanadas. ¿Cuántas porciones de pizza hay en total?,X=(21.0*8.0)
Hay 4 cartas. Se añaden 3 cartas más. ¿Cuántas hay en total?,X=(4.0+3.0)
Michael tiene algunos peces en su pecera. Ben le dio 18 peces más. Ahora tiene 49. ¿Cuántos peces tenía para empezar?,X=(49.0-18.0)
Misha tiene 34 dólares. ¿Cuántos dólares más tiene que ganar para tener 47 dólares?,X=(47.0-34.0)
Roger tiene 92 bloques. 2 son comidos por un hipopotamo. ¿Con cuanos bloques termina Roger?,X=(92.0-2.0)
La escuela esta planeando una dia de campo. Hay 45 estudiantes y 9 puestos en el autobus. ¿Cuantos autobuses se necesitan para el dia de campo?,X=(45.0/9.0)
Cada taza contiene 8 onzas. ¿Cuántas onzas hay en 33 tazas?,X=(8.0*33.0)
Barbara tiene 9 caramelos. Ella compra 18 más. ¿Cuántos caramelos tiene Barbara en total?,X=(9.0+18.0)
Christine vagó 20 millas a 4 millas por hora. ¿Cuánto tiempo vagó Christine?,X=(20.0/4.0)
Hay 4 canicas. Se añaden 7 canicas más. ¿Cuántas hay en total?,X=(4.0+7.0)
La Sra. Hilt compró dos pizzas. Cada pizza tenía 8 rebanadas. ¿Cuántas porciones de pizza tenía en total?,X=(2.0*8.0)
Hay 38 libros en la estantería. Marta puso 10 libros más en el estante. ¿Cuántos libros hay en la estantería ahora?,X=(38.0+10.0)
Hay 4 creyones en cada caja. ¿Cuantos creyones hay en 3 cajas?,X=(4.0*3.0)
Había 27 niños y 35 niñas en el patio de recreo en el recreo. ¿Cuántos niños estaban en el patio de recreo en el recreo?,X=(27.0+35.0)
"Si Karen vendió 36 cajas de galletas, ¿Cuántos lotes de 12 cajas recoge Karen de la madre de las galletas?",X=(36.0/12.0)
Rachel se paseó hasta la casa de Nicholas. Son 10 millas desde la casa de Rachel hasta la casa de Nicholas. A Rachel le llevó 5 horas llegar allí. ¿Qué tan rápido fue Rachel?,X=(10.0/5.0)
Shawn tiene 13 bloques. Mildred tiene con 2 bloques. Mildred encuentra otros 84. ¿Con cuántos bloques termina Mildred?,X=(2.0+84.0)
La Sra. Hilt compró 3 pizzas por 8 dólares cada una. ¿Cuál fue la cantidad total que pagó por las tres pizzas?,X=(3.0*8.0)
Angela tiene 11 tickets. Annie le da a Angela 4 mas. ¿Cuántos tickets tiene Angela en total?,X=(11.0+4.0)
"Hay 10 pegatinas en una página. Si tienes 22 páginas de pegatinas, ¿cuántas pegatinas tienes?",X=(10.0*22.0)
"Si hay 7 tapas de botella en una caja y Linda pone 7 tapas más dentro, ¿cuántas tapas hay en la caja?",X=(7.0+7.0)
Cada ticket cuesta $9.00. ¿Cuanto cuestan 4 tickets?,X=(9.0*4.0)
La Sra. Franklin tuvo 58 San Valentín. La Sra. Franklin le dio algunas a sus estudiantes. Ahora tiene 16. ¿Cuántas tarjetas de San Valentín le dio la Sra. Franklin a sus alumnos?,X=(58.0-16.0)
John pesa 81 lirbas. Roy pesa 4 libras. ¿Cuan mas pesado es John que Roy?,X=(81.0-4.0)
Una caja de libros pesa 42 libras. Cada libro pesa 3 libras. ¿Cuántos libros hay en la caja?,X=(42.0/3.0)
Emily colecciona 63 cartas. El padre de Emily le da a Emily 7 más. Bruce tiene 13 manzanas. ¿Cuántas cartas tiene Emily?,X=(63.0+7.0)
A Katherine le llevó 3 horas correr hasta la casa de Louis a 8 millas por hora. ¿A qué distancia está la casa de Katherine y la de Louis?,X=(3.0*8.0)
Rachel toma 47 tapas de botella de a tarro. Habian 87 tapas de botella originalmente en el tarro. Cuantas tapas de botellas quedas en el tarro?,X=(87.0-47.0)
Robin tiene 27 paquetes de chicles. Hay 18 piezas en cada paquete. ¿Cuántos trozos de chicle tiene Robin?,X=(27.0*18.0)
Frank trabajó 8 horas los primeros 4 días de la semana. ¿Cuántas horas trabajó en total?,X=(8.0*4.0)
Charlie tiene 31 bolas de nieve más que Lucy. Ella tiene 19 bolas de nieve. ¿Cuántas tiene Charlie?,X=(31.0+19.0)
Dos pájaros estaban sentados en la valla. Cuatro pájaros más se unieron a ellos. ¿Cuántos pájaros están sentados en la valla?,X=(2.0+4.0)
Bobby tiene 142 libros. Kristi tiene 78 libros. ¿Cuántos libros más tiene Bobby que Kristi?,X=(142.0-78.0)
Brenda quiere separar su coleccion de borradores en grupos de 90. Brenda tiene 270 borradores. ¿Cuantos grupos seran creados?,X=(270.0/90.0)
Si Stephanie corrió durante 3 horas a 5 millas por hora. ¿Hasta dónde llegó Stephanie?,X=(3.0*5.0)
Brian tiene 76 tarjetas. Wayne se lleva 59. ¿Cuantas tarjetas tendra Brian?,X=(76.0-59.0)
Si Norma vagaba durante 5 horas a 3 millas por hora. ¿Hasta dónde llegó Norma?,X=(5.0*3.0)
Si Anne vagaba durante 3 horas a 2 millas por hora. ¿Hasta dónde llegó Anne?,X=(3.0*2.0)
Marie puede ir en bicicleta a una velocidad de 12 millas por hora. ¿Qué tan lejos puede ir en bicicleta en 31 horas?,X=(12.0*31.0)
"Bridget tiene 4 chicles. Henry tiene 4 chicles. Si Henry le da todos sus bolos a Bridget, ¿cuántos chicles tendrá Bridget?",X=(4.0+4.0)
Dorothy tiene 72 cartas. Ella le da 5 a Harold. ¿Cuantas tarjetas tendrá Dorothy?,X=(72.0-5.0)
Hay 14240 libros en una biblioteca. Están dispuestos en estantes que contienen 8 libros cada uno. ¿Cuántos estantes hay en la biblioteca?,X=(14240.0/8.0)
"Ashley vendió 12 cajas de Samoas. ¿Cuántas cajas de 12 cajas, más las cajas extra necesita Ashley",X=(12.0/12.0)
Había 14 niños en el campo de fútbol. 22 niños decidieron unirse. ¿Ahora cuántos niños están en el campo de fútbol?,X=(14.0+22.0)
"Evelyn tiene 95 canicas. Ella obtiene 9 más de Henry. Más tarde, Evelyn compra 6 cartas en la tienda. ¿Cuántas canicas tiene Evelyn en total?",X=(95.0+9.0)
Una receta de pastel requiere 0.6 taza de azúcar para el glaseado y 0.2 taza de azúcar para el pastel. ¿Cuánta azúcar es eso en total?,X=(0.6+0.2)
Hay 69 borradores en una caja. Jane tiene 15 borradores en una bolsa. Doris saca 54 borradores de la caja. ¿Cuántos borradores quedan en la caja?,X=(69.0-54.0)
Randy tiene 78 manzanas. Utiliza 19 bloques para construir una torre. ¿Cuántos bloques quedan?,X=(78.0-19.0)
Marilyn empieza con 51 tapas de botella. Comparte 36 con Nancy. ¿Con cuántas tapas de botella termina Marilyn?,X=(51.0-36.0)
A Carl le llevó 5 horas llegar a la casa de Ralph a 2 millas por hora. ¿A qué distancia está la casa de Carl y la de Ralph?,X=(5.0*2.0)
"Sean tiene 9 manzanas. Susan le da a Sean 8 más. Más tarde, Sean compra 18 entradas en la tienda. ¿Cuántas manzanas tiene Sean en total?",X=(9.0+8.0)
Marie comienza con 95 borradores. She pierde 42. ¿Con cuantos borradores termina Marie?,X=(95.0-42.0)
George tiene 2 cajas de bloques. Cada caja contiene 6 bloques y hay 5 cajas en una caja. ¿Cuántos bloques tiene George?,X=(2.0*6.0)
La Sra. Hilt compró un yoyo por 24 centavos y un silbato por 14 centavos. ¿Cuánto gastó en total para los dos juguetes?,X=(24.0+14.0)
Mildred pesa 59 libras. Carol pesa 9 libras. ¿Cuan mas pesada es Mildred que Carol?,X=(59.0-9.0)
Ruth comienza con 89 manzana. Ella comparte 5 con Peter. ¿Con cuantas manzanas termina Ruth?,X=(89.0-5.0)
Stephanie fue a la tienda 8 veces el ultimo mes. Ella compra 2 naranjas cada vez que va a la tienda. ¿Cuantas naranjas compro Stephanie el ultimo mes?,X=(8.0*2.0)
Se necesitan 4 manzanas para hacer un pastel. ¿Cuántas manzanas se necesitan para hacer 504 pasteles?,X=(4.0*504.0)
Un jardín tiene 52 filas y 15 columnas de planos de frijoles. ¿Cuántas plantas hay en total?,X=(52.0*15.0)
"Si Heather recorrió 40 kilómetros a 8 kilómetros por hora, ¿cuánto tiempo estuvo en bicicleta?",X=(40.0/8.0)
Connie tiene 39 canicas. Juan tiene 25 canicas más que Connie. ¿Cuántas canicas tiene Juan?,X=(39.0+25.0)
Hay 124 estudiantes haciendo 3 estrellas cada uno para la pared de la escuela. ¿Cuántas estrellas harán todos juntos?,X=(124.0*3.0)
"En la casa de la Sra. Hilt, había 29 pulgadas de nieve, y la Escuela Primaria Brecknock recibió 17 pulgadas de nieve. ¿Cuánta nieve más tenía la casa de la Sra. Hilt?",X=(29.0-17.0)
"La Sra. Hilt impresionó a 2436 fans en el partido de baloncesto del viernes. Si los aficionados estaban sentados en grupos iguales en 3 sets de gradas, ¿cuántos aficionados había en cada set?",X=(2436.0/3.0)
"Si Joan recorrió 25 millas en bicicleta a 5 millas por hora, ¿cuánto tiempo viajó Joan?",X=(25.0/5.0)
Amanda tardó 3 horas en llegar a la casa de Kimberly a 2 millas por hora. ¿A qué distancia está la casa de Amanda y la de Kimberly?,X=(3.0*2.0)
2 castores estaban trabajando en su casa. Uno fue a nadar. ¿Cuántos castores siguen trabajando en su casa?,X=(2.0-1.0)
La escuela esta planeando una dia de campo. Hay 180 estudiantes y 60 puestos en el autobus. ¿Cuantos buses se necesitan para el dia de campo?,X=(180.0/60.0)
Mildred colecciona 77 naranjas. El padre de Mildred le da a Mildred 2 más. ¿Cuántas naranjas tiene Mildred?,X=(77.0+2.0)
Cada tapa de botella cuesta $5.00. ¿Cuanto cuentan 5 tapas de botella?,X=(5.0*5.0)
"Harry Hound tuvo un terrible dolor de oídos ayer. Cuando me asomé a sus oídos ayer, encontré 36 pulgas juguetonas haciendo una fiesta en su oído derecho y 85 pulgas bebé durmiendo tranquilamente en su oído izquierdo. Limpié las orejas de Harry Hound. ¿Cuántas pulgas murieron?",X=(36.0+85.0)
Jennifer comienza con 7 manzanas. Ella encuentra otras 74. ¿Con cuantas manzanas termina Jennifer?,X=(7.0+74.0)
Hay dos plátanos en una pila en el escritorio. Cada banana viene en un paquete de 17. 7 bananas se añaden a la pila. ¿Cuántos plátanos hay en la pila?,X=(2.0+7.0)
La Sra. Hilt vio a tres bichos comerse dos flores cada uno. ¿Cuántas flores en total se comieron los bichos?,X=(3.0*2.0)
Donna pesa 69 libras. Willie pesa 51 libras. Cuan mas pesada es Donna que Willie?,X=(69.0-51.0)
"Jovana llenó su cubo con 5 libras de conchas. Si añade 12 libras más de conchas para llenar su cubo, ¿cuántas libras tiene?",X=(5.0+12.0)
Shirley empieza con 98 huevos. Ella compra 8 más. ¿Con cuántos huevos termina Shirley?,X=(98.0+8.0)
Maggi tenía 3 paquetes de magdalenas. Hay 4 magdalenas en cada paquete. Se comió 5 magdalenas. ¿Cuántos quedan?,X=(3.0*4.0)
"El tío Dave compró 143 sándwiches de helado. Si quiere dárselos a sus 11 sobrinas hambrientas, ¿cuántos puede conseguir cada sobrina?",X=(143.0/11.0)
La Sra. Hilt comía 5 manzanas cada hora. ¿Cuántas manzanas había comido al final de las 3 horas?,X=(5.0*3.0)
El Sr. Guzmán compró 48 rosquillas empaquetadas en 4 cajas iguales. ¿Cuántos donuts había en cada caja?,X=(48.0/4.0)
"La Sra. Hilt fue a un concierto. Un total de 65899 personas asistieron al concierto. La semana siguiente, fue a un segundo concierto, que contó con 119 personas más. ¿Cuántas personas asistieron al segundo concierto?",X=(65899.0+119.0)
Ronald tiene 13 bloques. Martha tiene 4 bloques. Martha encuentra otros 80. ¿Con cuántos bloques termina Martha?,X=(4.0+80.0)
Emily corrió a la casa de Timothy. Son 10 millas desde la casa de Emily hasta la casa de Timothy. Emily tardó 2 horas en llegar allí. ¿Qué tan rápido fue Emily?,X=(10.0/2.0)
Mark corrió 24 millas a 6 millas por hora. ¿Cuánto tiempo corrió Mark?,X=(24.0/6.0)
Tienes 24 galletas y quieres compartirlas por igual con 6 personas. ¿Cuántas galletas recibiría cada persona?,X=(24.0/6.0)
231 pájaros estaban sentados en un árbol. Algunos más vuelan hasta el árbol. Entonces había 312 pájaros en el árbol. ¿Cuántos más vuelan hasta el árbol?,X=(312.0-231.0)
Una granja de frutas empaqueta las naranjas en cajas de 10 unidades cada una. Un día empaca 2650 naranjas. ¿Cuántas cajas usaron?,X=(2650.0/10.0)
Lisa voló 256 millas a 32 millas por hora. ¿Cuánto tiempo voló Lisa?,X=(256.0/32.0)
William tiene 10 canicas. El comparte 3 con Theresa. ¿Cuantas canicas tendra William?,X=(10.0-3.0)
Anne pesa 67 libras. Douglas pesa 52 libras. ¿Cuan mas pesada es Anne que Douglas?,X=(67.0-52.0)
13 patos están nadando en un lago. 20 patos más vienen a unirse a ellos. ¿Cuántos patos están nadando en el lago?,X=(13.0+20.0)
La familia de Sue se fue de vacaciones. Su madre condujo el coche a 60 mph. Acamparon en un camping después de viajar durante 5 horas. ¿A qué distancia estaba el camping de su casa?,X=(60.0*5.0)
"Gloria tiene dos lápices. Lisa tiene 99 lápices. Si Lisa le da todos sus lápices a Gloria, ¿cuántos lápices tendrá Gloria?",X=(2.0+99.0)
El primer día de la semana Pat tenía 39 pegatinas. Pat ganó 22 más durante la semana. ¿Cuántas pegatinas tenía Pat al final de la semana?,X=(39.0+22.0)
Carolyn comienza con 47 canicas y 6 naranjas. Comparte 42 con Diana. ¿Con cuántas canicas termina Carolyn?,X=(47.0-42.0)
La Sra. Hilt usa 2 onzas de detergente para lavar una libra de ropa. ¿Cuántas onzas de jabón usará para lavar 9 libras de ropa?,X=(2.0*9.0)
"Joe tiene 45 naranjas que deben ser guardadas en cajas. Daniel viene a ayudar y trae 16 galletas para compartir con Joe. Si hay 9 cajas, ¿cuántas naranjas deben ir en cada caja?",X=(45.0/9.0)
Hay 6 canicas en cada caja. ¿Cuantas canicas hay en 3 cajas?,X=(6.0*3.0)
Hay 88 caramelos en una caja. Lisa tiene 18 caramelos en una bolsa. Diana saca 6 caramelos de la caja. ¿Cuántos caramelos quedan en la caja?,X=(88.0-6.0)
"Si Karen vendio 36 cajas de nutella, ¿Cuantas grupos de 12 cajas de nutella recoge la Karen del distribuirdor de nutella?",X=(36.0/12.0)
Bruce tiene 75 huevos. Kimberly tiene 17 huevos. El Pierde 70. ¿Cuántos huevos tendrá Bruce?,X=(75.0-70.0)
Steve tiene 46 naranjas. El comparte 4 con Patrick. ¿Cuantas naranjas tendra Steve?,X=(46.0-4.0)
Hay 8 naranjas. Se añaden 8 naranjas más. ¿Cuántas hay en total?,X=(8.0+8.0)
"Un lápiz pesa 28,3 gramos. ¿Cuánto pesan 5 lápices?",X=(28.3*5.0)
"El profesor de Carson da estrellas doradas por su gran trabajo de matemáticas. Ayer, Carson ganó 6 estrellas doradas. Hoy, ganó 9 más. ¿Cuántas estrellas doradas ganó Carson en total?",X=(6.0+9.0)
Tengo un golden retriever de mascota. Cada año aumenta 11 libras. Tiene 8 años. ¿Cuántos kilos pesa?,X=(11.0*8.0)
James tenía 39 pegatinas. Le dieron más pegatinas para su cumpleaños. Luego tuvo 61 pegatinas. ¿Cuántas pegatinas le dieron a James por su cumpleaños?,X=(61.0-39.0)
Jack comienza con 62 canicas. El comparte 33 con Rebecca. ¿Con cuantas canicas termina Jack?,X=(62.0-33.0)
"Ruby tiene 36 caramelos y 6 bananas. Si comparte los caramelos entre 9 amigos, ¿cuántos caramelos recibe cada amigo?",X=(36.0/9.0)
La Sra. Hilt quiere hacer un borde alrededor de su jardín. Necesita 125 rocas para completar el borde. Ella tiene 64 rocas. ¿Cuántas rocas más necesita para completar la borde?,X=(125.0-64.0)
"Hay 30 dulces En la coleccion de dulces de Katy. Si los dulces son organizados en grupos de 10, ¿Cuan grande es cada grupo?",X=(30.0/10.0)
"Scott tiene 56 naranjas que deben ser guardadas en cajas. Terry viene a ayudar y trae 11 galletas para compartir con Scott. Si hay 8 cajas, ¿cuántas naranjas deben ir en cada caja?",X=(56.0/8.0)
La Sra. Hilt vio 144 abejas en la colmena. Al día siguiente vio tres veces más. ¿Cuántas abejas vio al segundo día?,X=(144.0*3.0)
Había 105 padres en el programa y 698 alumnos también. ¿Cuántas personas estaban presentes en el programa?,X=(105.0+698.0)
Brenda empieza con 7 caramelos. Ella compra 8 más. ¿Con cuántos caramelos termina Brenda?,X=(7.0+8.0)
"Sarah vendió 24 cajas de Lemon Chalet Cremes. ¿Cuántas cajas de 12 cajas, más las cajas extra que Sarah necesita?",X=(24.0/12.0)
"Ashley vendió 12 cajas de Samoas. ¿Cuántas cajas de 12 cajas, más las cajas extra necesita Ashley?",X=(12.0/12.0)
La Sra. Hilt leyó 4 libros. Cada libro tenía 17 capítulos. ¿Cuántos capítulos leyó la Sra. Hilt?,X=(4.0*17.0)
hay 3 huevos en cada caja. ¿Cuantos huevos hay en 2 cajas?,X=(3.0*2.0)
"Joshua tiene 40 caramelos y 6 huevos. Si comparte los caramelos entre 5 amigos, ¿cuántos caramelos recibe cada amigo?",X=(40.0/5.0)
Theresa tiene 32 creyones. Janice tiene 12 creyones. Ella comparte 13 con Nancy. ¿Cuántos creyones tendrá Theresa?,X=(32.0-13.0)
Bobby colecciona 2 bloques. El padre de Bobby le da a Bobby 6 más. ¿Cuántos bloques tiene Bobby?,X=(2.0+6.0)
Jeremy caminó 20 kilómetros a 2 kilómetros por hora. ¿Cuánto tiempo paseó Jeremy?,X=(20.0/2.0)
El granjero tenía 127 manzanas. Le dio 88 manzanas a su vecino. ¿Cuántas manzanas tiene ahora?,X=(127.0-88.0)
Norma tiene 88 carta. Ella pierde 70. ¿Cuantas cartas tendra norma?,X=(88.0-70.0)
